(Основные характеристики) Код производителя;Номенклатура;Описание;Ед. изм.;Текстовые аналоги;(Основные характеристики) Страна производитель;(Основные характеристики) Бренд;Категрия;Вес (числитель);Артикул;(Основные характеристики) Производитель;Модель;Цена;Конечный остаток;Vendor
01010-81245;01010-81245 БОЛТ С ШЕСТИГРАННОЙ ГОЛОВКОЙ;01010-81245 БОЛТ С ШЕСТИГРАННОЙ ГОЛОВКОЙ;шт;;Япония;Komatsu;Komatsu;0,060;01010-81245;Komatsu Ltd;;207;14,000;ИмПарт
01010-81280;01010-81280 БОЛТ С ШЕСТИГРАННОЙ ГОЛОВКОЙ;01010-81280 БОЛТ С ШЕСТИГРАННОЙ ГОЛОВКОЙ;шт;;Япония;Komatsu;Komatsu;0,090;01010-81280;Komatsu Ltd;;311;22,000;ИмПарт
01011-62710;01011-62710 БОЛТ 27ММ;01011-62710 БОЛТ 27ММ;шт;;Япония;Komatsu;Komatsu;0,653;01011-62710;Komatsu Ltd;;1 287;500,000;ИмПарт
01643-22460;01643-22460 ШАЙБА;01643-22460 ШАЙБА;шт;;Япония;Komatsu;Komatsu;0,061;01643-22460;Komatsu Ltd;D275A-5;251;94,000;ИмПарт
04020-00616;04020-00616 УСТАНОВОЧНЫЙ ШТИФТ;04020-00616 УСТАНОВОЧНЫЙ ШТИФТ;шт;;Япония;Komatsu;Komatsu;0,010;04020-00616;Komatsu Ltd;;53;484,000;ИмПарт
04022-20040;04022-20040 ПАЛЕЦ ФИКСИРУЮЩИЙ СТАЛЬ;04022-20040 ПАЛЕЦ ФИКСИРУЮЩИЙ СТАЛЬ;шт;;Япония;Komatsu;Komatsu;0,090;04022-20040;Komatsu Ltd;;1 453;8,000;ИмПарт
07000-12010;"07000-12010 ПРОКЛАДКА ТИП ""О""";"07000-12010 ПРОКЛАДКА ТИП ""О""";шт;;Япония;Komatsu;Komatsu;0,001;07000-12010;Komatsu Ltd;;64;5,000;ИмПарт
07000-15140;07000-15140 О-КОЛЬЦО;07000-15140 О-КОЛЬЦО;шт;;Япония;Komatsu;Komatsu;0,010;07000-15140;Komatsu Ltd;PC300-8;542;1,000;ИмПарт
07000-15210;07000-15210 О-КОЛЬЦО 07000-05210;07000-15210 О-КОЛЬЦО 07000-05210;шт;;Япония;Komatsu;Komatsu;0,020;07000-15210;Komatsu Ltd;"HD605-7R; HD465-7R; PC300-8; PC400-8";664;6,000;ИмПарт
07000-45220;07000-45220 О-КОЛЬЦО;07000-45220 О-КОЛЬЦО;шт;;Япония;Komatsu;Komatsu;0,023;07000-45220;Komatsu Ltd;;1 863;1,000;ИмПарт
07000-55240;"07000-55240 ПРОКЛАДКА ТИП ""О""";"07000-55240 ПРОКЛАДКА ТИП ""О""";шт;;Япония;Komatsu;Komatsu;0,030;07000-55240;Komatsu Ltd;;1 938;1,000;ИмПарт
07000-72075;"07000-72075 ПРОКЛАДКА ТИП ""О""";"07000-72075 ПРОКЛАДКА ТИП ""О""";шт;;Япония;Komatsu;Komatsu;0,010;07000-72075;Komatsu Ltd;;449;10,000;ИмПарт
07000-75210;07000-75210 О-КОЛЬЦО;07000-75210 О-КОЛЬЦО;шт;;Япония;Komatsu;Komatsu;0,020;07000-75210;Komatsu Ltd;;1 313;1,000;ИмПарт
07002-51423;"07002-51423 ПРОКЛАДКА ТИП ""О""";"07002-51423 ПРОКЛАДКА ТИП ""О""";шт;;Япония;Komatsu;Komatsu;0,010;07002-51423;Komatsu Ltd;;175;19,000;ИмПарт
07102-30412;07102-30412 ШЛАНГ;07102-30412 ШЛАНГ;шт;;Япония;Komatsu;Komatsu;0,950;07102-30412;Komatsu Ltd;;3 736;1,000;ИмПарт
07102-30512;07102-30512 ШЛАНГ;07102-30512 ШЛАНГ;шт;;Япония;Komatsu;Komatsu;1,250;07102-30512;Komatsu Ltd;;5 002;2,000;ИмПарт
07122-11019;07122-11019 ШЛАНГ;07122-11019 ШЛАНГ;шт;;Япония;Komatsu;Komatsu;4,200;07122-11019;Komatsu Ltd;;20 414;8,000;ИмПарт
07123-10515;07123-10515 ШЛАНГ;07123-10515 ШЛАНГ;шт;;Япония;Komatsu;Komatsu;2,700;07123-10515;Komatsu Ltd;;11 111;5,000;ИмПарт
07124-11006;07124-11006 ШЛАНГ;07124-11006 ШЛАНГ;шт;;Япония;Komatsu;Komatsu;2,100;07124-11006;Komatsu Ltd;;10 807;2,000;ИмПарт
07124-11009;07124-11009 ШЛАНГ;07124-11009 ШЛАНГ;шт;;Япония;Komatsu;Komatsu;2,600;07124-11009;Komatsu Ltd;;5 716;6,000;ИмПарт
07125-31215;07125-31215 ШЛАНГ;07125-31215 ШЛАНГ;шт;;Япония;Komatsu;Komatsu;6,700;07125-31215;Komatsu Ltd;;31 668;10,000;ИмПарт
07126-11010;07126-11010 ШЛАНГ;07126-11010 ШЛАНГ;шт;;Япония;Komatsu;Komatsu;3,100;07126-11010;Komatsu Ltd;;6 922;20,000;ИмПарт
07179-13126;07179-13126 УПЛОТНИТЕЛЬНОЕ КОЛЬЦО;07179-13126 УПЛОТНИТЕЛЬНОЕ КОЛЬЦО;шт;";717913126;717913126";Япония;Komatsu;Komatsu;0,020;07179-13126;Komatsu Ltd;"PC300-8; PC400-8";459;1,000;ИмПарт
07206-31014;07206-31014 БОЛТ;07206-31014 БОЛТ;шт;;Япония;Komatsu;Komatsu;0,050;07206-31014;Komatsu Ltd;PC300-8;836;20,000;ИмПарт
07621-10307;07621-10307 ШЛАНГ;07621-10307 ШЛАНГ;шт;;Япония;Komatsu;Komatsu;0,700;07621-10307;Komatsu Ltd;;2 680;1,000;ИмПарт
07623-10314;07623-10314 ШЛАНГ;07623-10314 ШЛАНГ;шт;;Япония;Komatsu;Komatsu;1,150;07623-10314;Komatsu Ltd;;3 858;5,000;ИмПарт
09485-06503;09485-06503 ШЛАНГ;09485-06503 ШЛАНГ;шт;;Япония;Komatsu;Komatsu;0,180;09485-06503;Komatsu Ltd;;4 123;2,000;ИмПарт
09485-06505;09485-06505 ШЛАНГ;09485-06505 ШЛАНГ;шт;;Япония;Komatsu;Komatsu;0,270;09485-06505;Komatsu Ltd;;5 544;2,000;ИмПарт
176-911-4720;176-911-4720 ШЛАНГ;176-911-4720 ШЛАНГ;шт;;Япония;Komatsu;Komatsu;0,200;176-911-4720;Komatsu Ltd;;2 929;2,000;ИмПарт
17M-911-2480;17M-911-2480 ШЛАНГ;17M-911-2480 ШЛАНГ;шт;;Япония;Komatsu;Komatsu;0,600;17M-911-2480;Komatsu Ltd;;7 823;2,000;ИмПарт
195-03-15220;195-03-15220 ШЛАНГ;195-03-15220 ШЛАНГ;шт;;Япония;Komatsu;Komatsu;0,880;195-03-15220;Komatsu Ltd;;6 739;2,000;ИмПарт
195-03-43190;195-03-43190 ШЛАНГ РЕЗИНА/ТЕКСТИЛЬ С ФИТИНГАМИ;195-03-43190 ШЛАНГ РЕЗИНА/ТЕКСТИЛЬ С ФИТИНГАМИ;шт;;Япония;Komatsu;Komatsu;0,310;195-03-43190;Komatsu Ltd;;24 328;5,000;ИмПарт
195-03-57231;195-03-57231 ШЛАНГ;195-03-57231 ШЛАНГ;шт;;Япония;Komatsu;Komatsu;3,000;195-03-57231;Komatsu Ltd;;20 808;2,000;ИмПарт
195-27-12467;195-27-12467 НАБОР СЕГМЕНТОВ (9 шт х 195-27-12467);195-27-12467 НАБОР СЕГМЕНТОВ (9 шт х 195-27-12467);шт;"195-27-12467; 195-27-12461; 195-27-12462; 195-27-12463; 195-27-12464; 195-27-12465; 195-27-12466; S4035500M00; US260K127; KM341";Япония;Komatsu;Komatsu;16,900;195-27-12467;Komatsu Ltd;;32 900;1,000;ИмПарт
195-27-33141;195-27-33141 ГАЙКА 31ММ;195-27-33141 ГАЙКА 31ММ;шт;;Япония;Komatsu;Komatsu;0,200;195-27-33141;Komatsu Ltd;;403;50,000;ИмПарт
195-30-31231;195-30-31231 УПЛОТНЕНИЕ РЕЗИНА/МЕТАЛЛ;195-30-31231 УПЛОТНЕНИЕ РЕЗИНА/МЕТАЛЛ;шт;;Япония;Komatsu;Komatsu;0,480;195-30-31231;Komatsu Ltd;;23 397;4,000;ИмПарт
195-30-31250;195-30-31250 УПЛОТНЕНИЕ РЕЗИНОВОЕ;195-30-31250 УПЛОТНЕНИЕ РЕЗИНОВОЕ;шт;;Япония;Komatsu;Komatsu;0,460;195-30-31250;Komatsu Ltd;"D375A-5D; D375A-2; D375A-5; D375A-3";8 271;6,000;ИмПарт
195-30-34220;195-30-34220 НАПРАВЛЯЮЩАЯ;195-30-34220 НАПРАВЛЯЮЩАЯ;шт;;Япония;Komatsu;Komatsu;37,400;195-30-34220;Komatsu Ltd;;84 205;1,000;ИмПарт
195-30-34360;195-30-34360 КРЫШКА;195-30-34360 КРЫШКА;шт;;Япония;Komatsu;Komatsu;3,250;195-30-34360;Komatsu Ltd;;17 655;2,000;ИмПарт
195-30-51431;195-30-51431 ДЕРЖАТЕЛЬ;195-30-51431 ДЕРЖАТЕЛЬ;шт;;Япония;Komatsu;Komatsu;22,650;195-30-51431;Komatsu Ltd;;93 545;2,000;ИмПарт
195-30-51450;195-30-51450 ПРОВОДНИК;195-30-51450 ПРОВОДНИК;шт;;Япония;Komatsu;Komatsu;25,300;195-30-51450;Komatsu Ltd;;76 211;4,000;ИмПарт
195-30-51470;195-30-51470 НАПРАВЛЯЮЩАЯ СТАЛЬ;195-30-51470 НАПРАВЛЯЮЩАЯ СТАЛЬ;шт;;Япония;Komatsu;Komatsu;4,850;195-30-51470;Komatsu Ltd;;24 595;8,000;ИмПарт
195-30-62141;195-30-62141 КРЫШКА ОПОРЫ ОСИ;195-30-62141 КРЫШКА ОПОРЫ ОСИ;шт;;Япония;Komatsu;Komatsu;4,700;195-30-62141;Komatsu Ltd;;11 052;50,000;ИмПарт
195-30-64241;195-30-64241 БОЛТ;195-30-64241 БОЛТ;шт;;Япония;Komatsu;Komatsu;32,600;195-30-64241;Komatsu Ltd;;87 008;4,000;ИмПарт
195-30-64251;195-30-64251 РАСПОРНАЯ ВТУЛКА;195-30-64251 РАСПОРНАЯ ВТУЛКА;шт;;Япония;Komatsu;Komatsu;35,200;195-30-64251;Komatsu Ltd;;77 174;2,000;ИмПарт
195-30-71720;195-30-71720 УПЛОТНЕНИЕ РЕЗИНА/МЕТАЛЛ;195-30-71720 УПЛОТНЕНИЕ РЕЗИНА/МЕТАЛЛ;шт;;Япония;Komatsu;Komatsu;0,600;195-30-71720;Komatsu Ltd;;34 408;4,000;ИмПарт
195-32-61350;195-32-61350 БОЛТ 13ММ;195-32-61350 БОЛТ 13ММ;шт;;Япония;Komatsu;Komatsu;1,210;195-32-61350;Komatsu Ltd;;888;4,000;ИмПарт
195-40-00901;195-40-00901 КЛАПАН РЕГУЛИРУЮЩИЙ МАСЛОГИДРАВЛИЧЕСКОЙ ТРАНСМИССИИ;195-40-00901 КЛАПАН РЕГУЛИРУЮЩИЙ МАСЛОГИДРАВЛИЧЕСКОЙ ТРАНСМИССИИ;шт;;Япония;Komatsu;Komatsu;24,500;195-40-00901;Komatsu Ltd;;744 000;1,000;ИмПарт
195-43-45970;195-43-45970 ШТОК В СБОРЕ;195-43-45970 ШТОК В СБОРЕ;шт;;Япония;Komatsu;Komatsu;0,860;195-43-45970;Komatsu Ltd;;15 086;1,000;ИмПарт
195-43-49130;195-43-49130 КОМПЛЕКТ КАБЕЛЕЙ;195-43-49130 КОМПЛЕКТ КАБЕЛЕЙ;шт;;Япония;Komatsu;Komatsu;0,580;195-43-49130;Komatsu Ltd;;19 241;1,000;ИмПарт
195-50-22190;195-50-22190 ПОДШИПНИК СКОЛЬЖЕНИЯ;195-50-22190 ПОДШИПНИК СКОЛЬЖЕНИЯ;шт;;Япония;Komatsu;Komatsu;3,350;195-50-22190;Komatsu Ltd;;53 294;3,000;ИмПарт
195-50-22210;195-50-22210 ПОДШИПНИК СКОЛЬЖЕНИЯ;195-50-22210 ПОДШИПНИК СКОЛЬЖЕНИЯ;шт;;Япония;Komatsu;Komatsu;2,350;195-50-22210;Komatsu Ltd;;40 991;3,000;ИмПарт
195-50-22231;195-50-22231 ПРОКЛАДКА;195-50-22231 ПРОКЛАДКА;шт;;Япония;Komatsu;Komatsu;3,600;195-50-22231;Komatsu Ltd;;98 254;10,000;ИмПарт
195-50-41120;195-50-41120 КРЕПЕЖНАЯ ОСЬ;195-50-41120 КРЕПЕЖНАЯ ОСЬ;шт;;Япония;Komatsu;Komatsu;41,000;195-50-41120;Komatsu Ltd;;131 817;3,000;ИмПарт
195-50-41132;195-50-41132 ВТУЛКА;195-50-41132 ВТУЛКА;шт;;Япония;Komatsu;Komatsu;4,000;195-50-41132;Komatsu Ltd;;61 481;2,000;ИмПарт
195-50-41161;195-50-41161 ПОДШИПНИК СКОЛЬЖЕНИЯ ТРАНСМИССИИ;195-50-41161 ПОДШИПНИК СКОЛЬЖЕНИЯ ТРАНСМИССИИ;шт;;Япония;Komatsu;Komatsu;7,650;195-50-41161;Komatsu Ltd;;88 988;10,000;ИмПарт
195-61-42430;195-61-42430 ШЛАНГ;195-61-42430 ШЛАНГ;шт;;Япония;Komatsu;Komatsu;5,950;195-61-42430;Komatsu Ltd;;9 513;5,000;ИмПарт
195-61-49360;195-61-49360 ШЛАНГ;195-61-49360 ШЛАНГ;шт;;Япония;Komatsu;Komatsu;3,600;195-61-49360;Komatsu Ltd;;14 567;6,000;ИмПарт
195-71-11512;195-71-11512 ГАЙКА;195-71-11512 ГАЙКА;шт;;Япония;Komatsu;Komatsu;0,290;195-71-11512;Komatsu Ltd;;1 735;4,000;ИмПарт
195-71-51191;195-71-51191 КОРОМЫСЛО МЕХАН. ТЯГИ;195-71-51191 КОРОМЫСЛО МЕХАН. ТЯГИ;шт;;Япония;Komatsu;Komatsu;72,000;195-71-51191;Komatsu Ltd;"D375A-5D; D375A-2; D375A-5; D375A-3";217 852;4,000;ИмПарт
195-71-52140;195-71-52140 ФЛАНЕЦ;195-71-52140 ФЛАНЕЦ;шт;;Япония;Komatsu;Komatsu;1,000;195-71-52140;Komatsu Ltd;;12 911;8,000;ИмПарт
195-71-62260;195-71-62260 ШЛАНГ;195-71-62260 ШЛАНГ;шт;;Япония;Komatsu;Komatsu;5,920;195-71-62260;Komatsu Ltd;;21 139;4,000;ИмПарт
195-71-62710;195-71-62710 ШЛАНГ;195-71-62710 ШЛАНГ;шт;;Япония;Komatsu;Komatsu;5,550;195-71-62710;Komatsu Ltd;"D375A-2; D375A-5; D375A-3";11 413;2,000;ИмПарт
195-71-62720;195-71-62720 ШЛАНГ;195-71-62720 ШЛАНГ;шт;;Япония;Komatsu;Komatsu;3,650;195-71-62720;Komatsu Ltd;"D375A-2; D375A-5; D375A-3";16 138;2,000;ИмПарт
195-78-71190;195-78-71190 ПАЛЕЦ ФИКСИРУЮЩИЙ СТАЛЬ;195-78-71190 ПАЛЕЦ ФИКСИРУЮЩИЙ СТАЛЬ;шт;;Япония;Komatsu;Komatsu;36,200;195-78-71190;Komatsu Ltd;;72 388;2,000;ИмПарт
195-78-71210;195-78-71210 ПАЛЕЦ;195-78-71210 ПАЛЕЦ;шт;;Япония;Komatsu;Komatsu;37,000;195-78-71210;Komatsu Ltd;"D375A-5D; D375A-2; D375A-5; D375A-3";84 976;4,000;ИмПарт
195-79-52140;195-79-52140 ПАЛЕЦ;195-79-52140 ПАЛЕЦ;шт;;Япония;Komatsu;Komatsu;9,500;195-79-52140;Komatsu Ltd;;17 557;2,000;ИмПарт
198-30-14233;198-30-14233 ГАЙКА;198-30-14233 ГАЙКА;шт;;Япония;Komatsu;Komatsu;1,250;198-30-14233;Komatsu Ltd;;21 278;2,000;ИмПарт
198-30-14242;198-30-14242 НАКЛАДКА;198-30-14242 НАКЛАДКА;шт;;Япония;Komatsu;Komatsu;0,700;198-30-14242;Komatsu Ltd;;9 293;4,000;ИмПарт
198-Z11-2540;198-Z11-2540 ЭЛЕКТРОМОТОР СТЕКЛООЧИСТИТЕЛЯ;198-Z11-2540 ЭЛЕКТРОМОТОР СТЕКЛООЧИСТИТЕЛЯ;шт;;Япония;Komatsu;Komatsu;2,000;198-Z11-2540;Komatsu Ltd;;31 023;2,000;ИмПарт
198-Z11-5620;198-Z11-5620 ЭЛЕКТРОМОТОР СТЕКЛООЧИСТИТЕЛЯ;198-Z11-5620 ЭЛЕКТРОМОТОР СТЕКЛООЧИСТИТЕЛЯ;шт;;Япония;Komatsu;Komatsu;2,200;198-Z11-5620;Komatsu Ltd;;73 238;2,000;ИмПарт
19M-43-15350;19M-43-15350 КАБЕЛЬ;19M-43-15350 КАБЕЛЬ;шт;;Япония;Komatsu;Komatsu;0,820;19M-43-15350;Komatsu Ltd;;13 699;1,000;ИмПарт
207-30-53160;207-30-53160 ПАЛЕЦ КРЕПЛЕНИЯ НАПРАВЛЯЮЩЕГО КОЛЕСА;207-30-53160 ПАЛЕЦ КРЕПЛЕНИЯ НАПРАВЛЯЮЩЕГО КОЛЕСА;шт;;Япония;Komatsu;Komatsu;0,260;207-30-53160;Komatsu Ltd;PC300-8;524;2,000;ИмПарт
207-46-12141;207-46-12141 БОЛТ С ШЕСТИГРАННОЙ ГОЛОВКОЙ;207-46-12141 БОЛТ С ШЕСТИГРАННОЙ ГОЛОВКОЙ;шт;;Япония;Komatsu;Komatsu;1,200;207-46-12141;Komatsu Ltd;;3 728;4,000;ИмПарт
208-27-71290;208-27-71290 ШАЙБА;208-27-71290 ШАЙБА;шт;;Япония;Komatsu;Komatsu;0,040;208-27-71290;Komatsu Ltd;<Пустое значение>;Деление на 0;0;ИмПарт
20Y-60-21470;20Y-60-21470 ФИЛЬТР;20Y-60-21470 ФИЛЬТР;шт;;Япония;Komatsu;Komatsu;0,010;20Y-60-21470;Komatsu Ltd;PC300-8;263,5;8,000;ИмПарт
20Y-62-19560;"20Y-62-19560 ПРОКЛАДКА ТИП ""О""";"20Y-62-19560 ПРОКЛАДКА ТИП ""О""";шт;;Япония;Komatsu;Komatsu;0,001;20Y-62-19560;Komatsu Ltd;;109;2,000;ИмПарт
21N-72-11152;21N-72-11152 ОСЬ КРЕПЕЖНАЯ СТАЛЬ;21N-72-11152 ОСЬ КРЕПЕЖНАЯ СТАЛЬ;шт;;Япония;Komatsu;Komatsu;43,750;21N-72-11152;Komatsu Ltd;PC1250;95 469;1,000;ИмПарт
425-847-1191;425-847-1191 АДАПТЕР;425-847-1191 АДАПТЕР;шт;425-84-71190;Япония;Komatsu;Komatsu;21,500;425-847-1191;Komatsu Ltd;WA500;19 172;6,000;ИмПарт
425-847-1211;425-847-1211 АДАПТЕР ЛЕВЫЙ;425-847-1211 АДАПТЕР ЛЕВЫЙ;шт;;Япония;Komatsu;Komatsu;27,000;425-847-1211;Komatsu Ltd;WA500;28 145;2,000;ИмПарт
425-847-1221;425-847-1221 АДАПТЕР ПРАВЫЙ;425-847-1221 АДАПТЕР ПРАВЫЙ;шт;;Япония;Komatsu;Komatsu;27,500;425-847-1221;Komatsu Ltd;WA500;28 145;2,000;ИмПарт
600-185-6100;600-185-6100 ФИЛЬТР В СБОРЕ 600-185-6110;600-185-6100 ФИЛЬТР В СБОРЕ 600-185-6110;шт;;Япония;Komatsu;Komatsu;5,000;600-185-6100;Komatsu Ltd;"HD605-7R; HD465-7R; PC2000-8; D275A-5R";7 931;8,000;ИмПарт
600-319-3550;600-319-3550 ФИЛЬТР ТОПЛИВНЫЙ ;600-319-3550 ФИЛЬТР ТОПЛИВНЫЙ ;шт;;Япония;Komatsu;Komatsu;1,638;600-319-3550;Komatsu Ltd;"PC1250-8; PC400-8";2 867;6,000;ИмПарт
600-821-9631;600-821-9631 ГЕНЕРАТОР;600-821-9631 ГЕНЕРАТОР;шт;;Япония;Komatsu;Komatsu;12,500;600-821-9631;Komatsu Ltd;;127 675;1,000;ИмПарт
6162-15-1610;6162-15-1610 БОЛТ;6162-15-1610 БОЛТ;шт;;Япония;Komatsu;Komatsu;0,650;6162-15-1610;Komatsu Ltd;D375A-5;1 021;20,000;ИмПарт
6162-75-7110;6162-75-7110 ТРУБКА;6162-75-7110 ТРУБКА;шт;;Япония;Komatsu;Komatsu;0,530;6162-75-7110;Komatsu Ltd;;13 475;2,000;ИмПарт
6162-75-7120;6162-75-7120 ТРУБКА;6162-75-7120 ТРУБКА;шт;;Япония;Komatsu;Komatsu;0,530;6162-75-7120;Komatsu Ltd;;13 475;2,000;ИмПарт
6162-75-7140;6162-75-7140 ТРУБКА;6162-75-7140 ТРУБКА;шт;;Япония;Komatsu;Komatsu;0,530;6162-75-7140;Komatsu Ltd;;13 475;1,000;ИмПарт
6505-61-5030;6505-61-5030 ТУРБОКОМПРЕССОР;6505-61-5030 ТУРБОКОМПРЕССОР;шт;;Япония;Komatsu;Komatsu;25,000;6505-61-5030;Komatsu Ltd;;583 739;1,000;ИмПарт
6742-01-1520;6742-01-1520 ПРОКЛАДКА;6742-01-1520 ПРОКЛАДКА;шт;;Япония;Komatsu;Komatsu;0,010;6742-01-1520;Komatsu Ltd;PC300-7;954;3,000;ИмПарт
702-16-01531;702-16-01531 КЛАПАН;702-16-01531 КЛАПАН;шт;;Япония;Komatsu;Komatsu;2,500;702-16-01531;Komatsu Ltd;;181 726;4,000;ИмПарт
705-58-44050;705-58-44050 НАСОС ГИДРАВЛИЧЕСКИЙ;705-58-44050 НАСОС ГИДРАВЛИЧЕСКИЙ;шт;;Япония;Komatsu;Komatsu;42,100;705-58-44050;Komatsu Ltd;D375A-5;320 380;7,000;ИмПарт
707-98-56625;707-98-56625 РЕМ.КОМПЛЕКТ ЦИЛИНДРА ОТВАЛА;707-98-56625 РЕМ.КОМПЛЕКТ ЦИЛИНДРА ОТВАЛА;шт;;Япония;Komatsu;Komatsu;0,650;707-98-56625;Komatsu Ltd;D375A-1;45 456;8,000;ИмПарт
707-99-74110;707-99-74110 НАБОР УПЛОТНЕНИЙ ТРАСМИССИИ (РЕЗИНА РЕЗИНА/МЕТАЛЛ);707-99-74110 НАБОР УПЛОТНЕНИЙ ТРАСМИССИИ (РЕЗИНА РЕЗИНА/МЕТАЛЛ);шт;;Япония;Komatsu;Komatsu;0,820;707-99-74110;Komatsu Ltd;;65 386;4,000;ИмПарт
707-99-74420;707-99-74420 КОМПЛЕКТ УПЛОТНЕНИЙ ГИДРОЦИЛИНДРА;707-99-74420 КОМПЛЕКТ УПЛОТНЕНИЙ ГИДРОЦИЛИНДРА;шт;;Япония;Komatsu;Komatsu;0,745;707-99-74420;Komatsu Ltd;;59 119;10,000;ИмПарт
707-99-74430;707-99-74430 КОМПЛЕКТ УПЛОТНЕНИЙ ГИДРОЦИЛИНДРА;707-99-74430 КОМПЛЕКТ УПЛОТНЕНИЙ ГИДРОЦИЛИНДРА;шт;;Япония;Komatsu;Komatsu;0,954;707-99-74430;Komatsu Ltd;;68 699;4,000;ИмПарт
708-23-00930;708-23-00930 РАЗГРУЗОЧНЫЙ КЛАПАН;708-23-00930 РАЗГРУЗОЧНЫЙ КЛАПАН;шт;;Япония;Komatsu;Komatsu;0,270;708-23-00930;Komatsu Ltd;;20 082;2,000;ИмПарт
709-62-12101;709-62-12101 КЛАПАН;709-62-12101 КЛАПАН;шт;;Япония;Komatsu;Komatsu;56,000;709-62-12101;Komatsu Ltd;;642 939;1,000;ИмПарт
709-63-11600;709-63-11600 КОНТРОЛЬНЫЙ КЛАПАН;709-63-11600 КОНТРОЛЬНЫЙ КЛАПАН;шт;;Япония;Komatsu;Komatsu;35,500;709-63-11600;Komatsu Ltd;;530 664;1,000;ИмПарт
711-60-26701;711-60-26701 КЛАПАН В СБОРЕ;711-60-26701 КЛАПАН В СБОРЕ;шт;;Япония;Komatsu;Komatsu;18,000;711-60-26701;Komatsu Ltd;;284 994;2,000;ИмПарт
723-40-72700;723-40-72700 КЛАПАН РЕГУЛИРОВКИ ДАВЛЕНИЯ;723-40-72700 КЛАПАН РЕГУЛИРОВКИ ДАВЛЕНИЯ;шт;;Япония;Komatsu;Komatsu;1,200;723-40-72700;Komatsu Ltd;;25 174;2,000;ИмПарт
723-40-92701;723-40-92701 КЛАПАН РАЗГРУЗОЧНЫЙ В СБОРЕ;723-40-92701 КЛАПАН РАЗГРУЗОЧНЫЙ В СБОРЕ;шт;;Япония;Komatsu;Komatsu;0,500;723-40-92701;Komatsu Ltd;PC400-7;22 231;2,000;ИмПарт
K1040M25;K1040M25 АДАПТЕР ;K1040M25 АДАПТЕР ;шт;;Япония;Komatsu;Komatsu;12,383;K1040M25;Komatsu Ltd;"WA420-3L; WA470-6";11 300;5,000;ИмПарт
K120040;K120040 АДАПТЕР;K120040 АДАПТЕР;шт;;Япония;Komatsu;Komatsu;19,732;K120040;Komatsu Ltd;WA500;7 500;5,000;ИмПарт
KP40C;KP40C ПАЛЕЦ КОРОНКИ KP40USPAT;KP40C ПАЛЕЦ КОРОНКИ KP40USPAT;шт;;Япония;Komatsu;Komatsu;0,816;KP40C;Komatsu Ltd;PC400-7;2 143;8,000;ИмПарт
ND116420-2781;ND116420-2781 СЕРДЦЕВИНА РАДИАТОРА;ND116420-2781 СЕРДЦЕВИНА РАДИАТОРА;шт;;Япония;Komatsu;Komatsu;1,700;ND116420-2781;Komatsu Ltd;;19 554;2,000;ИмПарт
XS115PN;XS115PN ПАЛЕЦ КОРОНКИ 21N-70-37731;XS115PN ПАЛЕЦ КОРОНКИ 21N-70-37731;шт;XS115PN-CB,;Япония;Komatsu;Komatsu;2,340;21N-70-37731;Komatsu Ltd;PC1250;2 279;1,000;ИмПарт
8240-70-5691;БОЛТ;БОЛТ;шт;;Япония;Komatsu;Komatsu;0,550;8240-70-5691;Komatsu Ltd;BR380;9 580;6,000;ИмПарт
01010-61485;Болт;Болт;шт;01010-31485-HX,;Япония;Komatsu;Komatsu;0,126;01010-61485;Komatsu Ltd;D355A-3;116;10,000;ИмПарт
03012-34400;Болты крепления;Болты крепления;шт;;Япония;Komatsu;Komatsu;0,020;03012-34400;Komatsu Ltd;;44;10,000;ИмПарт
207-30-53130;Вал;Вал;шт;";207-30-68220;207-30-53230";Япония;Komatsu;Komatsu;12,050;207-30-53130;Komatsu Ltd;PC300-6;32 189;1,000;ИмПарт
208-70-72170;Втулка;Втулка;шт;;Япония;Komatsu;Komatsu;4,790;208-70-72170;Komatsu Ltd;PC400;26 753;1,000;ИмПарт
144-874-5790;Гофра;Гофра;шт;;Япония;Komatsu;Komatsu;0,700;144-874-5790;Komatsu Ltd;PC400-6;88 710;2,000;ИмПарт
421-20-13540;Дефлектор;Дефлектор;шт;;Япония;Komatsu;Komatsu;0,230;421-20-13540;Komatsu Ltd;"WA470-3; WA420-3; WA430-6; WA450-3; WA480-6";2 366;1,000;ИмПарт
07042-20108;Заглушка;Заглушка;шт;;Япония;Komatsu;Komatsu;0,010;07042-20108;Komatsu Ltd;"HD605-7R; HD465-7R";158;2,000;ИмПарт
20Y-54-35430;ЗАЖИМ;ЗАЖИМ;шт;;Япония;Komatsu;Komatsu;0,340;20Y-54-35430;Komatsu Ltd;PC300-6;5 148;1,000;ИмПарт
6127-41-4214G;Клапан выпускной;Клапан выпускной;шт;;Япония;Komatsu;Komatsu;0,310;6127-41-4214G;Komatsu Ltd;D355A-1;1 991;4,000;ИмПарт
6209-31-2400;Комплект колец поршневых;Комплект колец поршневых;шт;;Япония;Komatsu;Komatsu;0,064;6209-31-2400;Komatsu Ltd;PC200-6;3 371;6,000;ИмПарт
6151-61-1123;Насос водяной;Насос водяной;шт;;Япония;Komatsu;Komatsu;9,500;6151-61-1123;Komatsu Ltd;D65E-12;71 779;1,000;ИмПарт
6128-61-3601;Натяжитель;Натяжитель;шт;;Япония;Komatsu;Komatsu;14,200;6128-61-3601;Komatsu Ltd;D355A-1;74 457;1,000;ИмПарт
14X-30-13143;Поршень гидроцилиндра;Поршень гидроцилиндра;шт;;Япония;Komatsu;Komatsu;31,200;14X-30-13143;Komatsu Ltd;D65EX-12;67 867;1,000;ИмПарт
707-99-58370;Ремкомплект г/ц ковша;Ремкомплект г/ц ковша;шт;;Япония;Komatsu;Komatsu;0,630;707-99-58370;Komatsu Ltd;PC300-6;16 170;1,000;ИмПарт
41E-15-05111;РЕМКОМПЛЕКТ КЗ;РЕМКОМПЛЕКТ КЗ;шт;;Япония;Komatsu;Komatsu;0,600;41E-15-05111;Komatsu Ltd;WD600-3;27 540;1,000;ИмПарт
DK154345-1520;Рычаг;Рычаг;шт;;Япония;Komatsu;Komatsu;0,300;DK154345-1520;Komatsu Ltd;D355A-1;8 962;3,000;ИмПарт
702-16-02231;Рычаг в сборе;Рычаг в сборе;шт;;Япония;Komatsu;Komatsu;3,500;702-16-02231;Komatsu Ltd;"D475A-5; D375A-5";74 403;1,000;ИмПарт
ND113550-1150;Термостат;Термостат;шт;;Япония;Komatsu;Komatsu;0,066;ND113550-1150;Komatsu Ltd;PC400-7;7 784;1,000;ИмПарт
195-63-13142;Туба цилиндра подьёма отвала;Туба цилиндра подьёма отвала;шт;;Япония;Komatsu;Komatsu;119,500;195-63-13142;Komatsu Ltd;D355A-3;553 755;1,000;ИмПарт
6505-65-5140;Турбокомпрессор;Турбокомпрессор;шт;;Япония;Komatsu;Komatsu;24,000;6505-65-5140;Komatsu Ltd;D275A-5;408 397;1,000;ИмПарт
205-30-00160;Уплотнение в сборе;Уплотнение в сборе;шт;;Япония;Komatsu;Komatsu;0,400;205-30-00160;Komatsu Ltd;PC300-8;7 986;17,000;ИмПарт
17M-911-3530;Фильтр 14X-911-7750 / AF25573;Фильтр 14X-911-7750 / AF25573;шт;;Япония;Komatsu;Komatsu;0,210;17M-911-3530;Komatsu Ltd;"PC2000-8; PC300-8; PC400-8";2 356;1,000;ИмПарт
208-979-7620;Фильтр 208-979-7620 кабины внутренний;Фильтр 208-979-7620 кабины внутренний;шт;;Япония;Komatsu;Komatsu;0,020;208-979-7620;Komatsu Ltd;"PC2000-8; PC300-8; PC400-8";1 701;1,000;ИмПарт
600-311-8321;Фильтр 600-311-8331;Фильтр 600-311-8331;шт;;Япония;Komatsu;Komatsu;0,750;600-311-8321;Komatsu Ltd;D65E-12;541;19,000;ИмПарт
07063-01142;Фильтр гидравлики PT397;Фильтр гидравлики PT397;шт;;Япония;Komatsu;Komatsu;1,000;07063-01142;Komatsu Ltd;D355A-1;1 460;32,000;ИмПарт
600-411-1151;Фильтр коррозионный 600-411-1150;Фильтр коррозионный 600-411-1150;шт;;Япония;Komatsu;Komatsu;0,870;600-411-1151;Komatsu Ltd;PC400-7;1 078;1,000;ИмПарт
421-60-35170;Фильтр сапуна гидробака;Фильтр сапуна гидробака;шт;;Япония;Komatsu;Komatsu;0,020;421-60-35170;Komatsu Ltd;"D375A-6; D155AX-6; PC400-8";937;1,000;ИмПарт
6212-12-3220;Форсунка;Форсунка;шт;;Япония;Komatsu;Komatsu;0,080;6212-12-3220;Komatsu Ltd;PC750-6;6 812;6,000;ИмПарт
6738-11-3090;Форсунка;Форсунка;шт;;Япония;Komatsu;Komatsu;0,200;6738-11-3090;Komatsu Ltd;PC200-7;22 267;12,000;ИмПарт
195-15-12880;Шайба пружинная;Шайба пружинная;шт;;Япония;Komatsu;Komatsu;0,010;195-15-12880;Komatsu Ltd;D375A-5;278;58,000;ИмПарт
KP50C;Штифт KP50USPAT;Штифт KP50USPAT;шт;;Япония;Komatsu;Komatsu;1,134;KP50C;Komatsu Ltd;"WA600; PC400-7";3 630;3,000;ИмПарт
HLXS115PC;Штифт XS115PC;Штифт XS115PC;шт;;Япония;Komatsu;Komatsu;2,400;HLXS115PC;Komatsu Ltd;PC750-6;12 791;1,000;ИмПарт
